"Category","OR","p_value","FDR"
"Metabolic",Inf,3.32746844098491e-06,2.32922790868944e-05
"Cardiovascular",Inf,0.000604073185611329,0.00211425614963965
"Liver",Inf,0.00136178702658612,0.00317750306203429
"Other",Inf,0.0520878425869311,0.0911537245271294
"Cancer",Inf,0.575591342003662,0.671523232337605
"Neurological",Inf,0.575591342003662,0.671523232337605
"Inflammatory",Inf,1,1
